timestamp,machine,os,count,msg_bytes,mode,target_rate,stall_ms,stall_every,duration_s,throughput_rps,errors,min_us,p50_us,p99_us,p999_us,p9999_us,p99999_us,max_us,avg_us
2026-09-20|18:50:16,Jozefs-MacBook-Air.local,macOS,2000,6,closed,1000,0,0,0.0585572,34154.6,0,13,25,78,254,541,541,541,28
2026-09-20|18:50:25,Jozefs-MacBook-Air.local,macOS,2000,6,open,1000,0,0,1.99926,1000.37,0,67,266,1251,12537,13444,13444,13444,329
2026-09-20|18:50:31,Jozefs-MacBook-Air.local,macOS,2000,6,open,500,0,0,3.99844,500.195,0,48,478,1507,9305,11187,11187,11187,507
2026-09-20|18:50:33,Jozefs-MacBook-Air.local,macOS,10000,6,open,5000,0,0,1.99987,5000.33,0,23,59,136,680,1365,1365,1365,66
2026-09-20|18:50:48,Jozefs-MacBook-Air.local,macOS,200000,6,open,100000,0,0,3.36163,59495,0,98,718737,1342593,1359317,1361458,1361637,1361639,714482
2026-09-20|18:50:56,Jozefs-MacBook-Air.local,macOS,200000,6,closed,1000,200,1,4.03941,49512.2,0,8,15,45,85,501,205064,205151,19
2026-09-20|18:51:04,Jozefs-MacBook-Air.local,macOS,5000,6,open,1000,200,1,4.99928,1000.14,0,51,273,192241,203428,204460,204460,204460,17620
2026-09-20|18:51:59,Jozefs-MacBook-Air.local,macOS,2000,6,open,1000,0,0,1.99925,1000.38,0,52,272,421,3051,3211,3211,3211,274
2026-09-20|18:52:01,Jozefs-MacBook-Air.local,macOS,2000,6,open,1000,0,0,1.99927,1000.37,0,47,263,7378,16663,17153,17153,17153,407
2026-09-20|18:55:37,Jozefs-MacBook-Air.local,macOS,2000,6,closed,1000,0,0,0.0567916,35216.5,0,11,24,77,115,124,124,124,27
2026-09-20|18:55:40,Jozefs-MacBook-Air.local,macOS,2000,6,closed,1000,0,0,1.99926,1000.37,0,53,269,354,2685,2925,2925,2925,272
2026-09-20|18:57:02,Jozefs-MacBook-Air.local,macOS,2000,6,closed,,0,0,0.0584577,34212.8,0,11,23,66,166,199,199,199,28
2026-09-20|18:57:05,Jozefs-MacBook-Air.local,macOS,2000,6,closed,1000,0,0,1.99927,1000.37,0,54,271,352,987,1864,1864,1864,271
2026-09-20T18:57:33,Jozefs-MacBook-Air.local,macOS,2000,6,closed,,0,0,0.0747644,26750.7,0,11,34,92,273,309,309,309,36
2026-09-20T18:57:36,Jozefs-MacBook-Air.local,macOS,2000,6,closed,1000,0,0,1.99967,1000.16,0,39,271,581,11037,11951,11951,11951,304
2026-09-20T18:58:25,Jozefs-MacBook-Air.local,macOS,2000,6,closed,,0,0,0.0653212,30617.9,0,11,30,69,91,94,94,94,32
2026-09-20T18:58:28,Jozefs-MacBook-Air.local,macOS,2000,6,open,1000,0,0,1.99925,1000.38,0,69,273,362,3165,3310,3310,3310,276
2026-09-23T15:25:39,Jozefs-MacBook-Air.local,macOS,100,2,closed,,0,0,0.00292208,34222.2,0,22,27,100,100,100,100,100,28
2026-09-23T15:25:58,Jozefs-MacBook-Air.local,macOS,100000,6,closed,,0,0,1.66382,60102.6,0,8,15,43,72,237,1313,1313,16
2026-09-23T15:26:57,Jozefs-MacBook-Air.local,macOS,100000,7,closed,,100,5,1.68507,59344.7,0,8,15,44,81,252,1369,1369,16
2026-09-23T15:31:59,Jozefs-MacBook-Air.local,macOS,100000,7,open,2000,100,5,49.9997,2000.01,0,33,159,2664,11302,14328,16207,16207,240
2026-09-24T12:59:09,Jozefs-MacBook-Air.local,macOS,3000000,6,closed,,0,0,50.6074,59279.9,0,8,15,41,70,237,1390,2930,16
2026-09-24T13:01:56,Jozefs-MacBook-Air.local,macOS,60000,6,open,1000,0,0,59.9993,1000.01,0,35,267,4363,13434,23536,25859,25859,366
2026-09-24T13:03:12,Jozefs-MacBook-Air.local,macOS,3000000,6,closed,,200,1,62.4535,48035.8,0,8,15,45,78,352,205127,206627,20
2026-09-24T13:04:30,Jozefs-MacBook-Air.local,macOS,60000,6,open,1000,200,1,59.9992,1000.01,0,34,274,193120,203577,211902,216461,216461,18609
2026-09-24T13:51:23,Jozefs-MacBook-Air.local,macOS,3000000,6,closed,,0,0,50.5671,59327.1,0,8,15,41,74,250,1626,4838,16
2026-10-06T11:34:40,Jozefs-MacBook-Air.local,macOS,5000,6,open,1000,200,1,4.99927,1000.15,0,49,277,192011,202918,204434,204434,204434,17566
2026-10-06T14:39:57,Jozefs-MacBook-Air.local,macOS,10000000,6,closed,,0,0,122.998,81302.1,0,7,12,16,22,49,104,13419,11
